date,open,high,low,close,volume
2020-06-08,175.86,180.07,174.78,179.45,1074107
2020-06-09,177.91,177.93,172.63,175.03,1078002
2020-06-10,175.88,176.78,174.39,175.04,833350
2020-06-11,172.44,174.06,166.58,168.65,1002855
2020-06-12,172.31,173.39,164.39,167.98,793192
2017-01-03,118.59,119.3,118.13,118.76,766836
2017-01-04,118.68,119.4,118.13,119.34,894829
2017-01-05,119.54,120.45,119.1,119.98,553013
2017-01-06,119.98,121.03,119.4,121.0,576472
2017-01-09,121.0,121.61,119.79,119.84,759556
2017-01-10,119.73,120.42,119.0,120.04,592872
2017-01-11,120.15,120.6,119.1,120.52,560086
2017-01-12,120.26,120.96,119.17,120.86,508580
2017-01-13,120.72,121.07,119.69,120.31,432930
2017-01-17,120.01,121.72,119.58,120.66,544268
2017-01-18,120.07,120.38,118.18,120.26,984777
2017-01-19,120.13,120.87,119.79,120.18,810412
2017-01-20,119.8,120.09,116.69,118.08,1508714
2017-01-23,117.77,118.29,117.52,118.18,593538
2017-01-24,118.22,118.87,117.46,118.87,676018
2017-01-25,119.11,119.67,118.3,118.63,1260295
2017-01-26,118.36,119.32,117.63,117.84,508914
2017-01-27,118.26,118.38,117.02,118.09,822147
2017-01-30,118.14,118.14,116.79,117.34,521760
2017-01-31,117.54,117.97,116.51,117.28,663951
2017-02-01,117.69,117.92,116.31,117.21,825903
2017-02-02,116.64,118.09,116.38,118.05,679706
2017-02-03,118.43,120.46,118.43,120.35,563053
2017-02-06,120.18,120.74,119.34,120.53,1197827
2017-02-07,120.55,121.32,119.76,121.14,701627
2017-02-08,121.14,122.62,120.41,121.99,946019
2017-02-09,124.25,128.37,123.24,128.13,1803806
2017-02-10,128.0,132.69,127.75,130.56,2566929
2017-02-13,130.85,131.31,129.98,130.12,896633
2017-02-14,129.45,130.84,129.26,130.32,709584
2017-02-15,129.26,130.58,128.32,130.06,612570
2017-02-16,130.1,130.65,128.78,129.93,674906
2017-02-17,129.63,130.18,129.19,130.14,581463
2017-02-21,129.84,130.48,128.93,129.36,1113712
2017-02-22,128.94,129.74,128.86,129.06,1124425
2017-02-23,129.77,130.03,128.68,129.22,765579
2017-02-24,129.22,129.38,127.94,129.38,819623
2017-02-27,129.58,130.99,129.19,130.81,866809
2017-02-28,131.03,131.64,130.36,131.11,1300320
2017-03-01,132.25,133.38,131.49,133.18,892482
2017-03-02,132.72,133.4,132.04,132.91,735383
2017-03-03,133.09,133.2,131.81,132.8,550601
2017-03-06,132.19,132.59,131.25,132.06,737671
2017-03-07,131.78,132.02,131.1,131.37,560855
2017-03-08,131.48,132.34,130.9,131.81,715141
2017-03-09,131.86,132.56,131.44,132.55,386671
2017-03-10,133.16,133.35,132.38,133.26,577563
2017-03-13,133.38,133.6,132.64,133.38,542841
2017-03-14,132.88,134.0,132.54,133.49,640045
2017-03-15,133.62,135.51,133.3,135.19,612595
2017-03-16,135.25,136.1,134.79,135.04,871649
2017-03-17,134.93,136.17,134.79,136.12,855033
2017-03-20,136.36,136.36,135.11,135.7,502531
2017-03-21,135.79,135.92,133.94,135.1,1667407
2017-03-22,135.55,137.76,135.06,136.98,1180479
2017-03-23,136.98,137.42,135.3,135.64,600090
2017-03-24,135.73,136.96,135.36,135.93,335040
2017-03-27,134.96,136.2,134.04,135.55,355681
2017-03-28,135.3,136.89,134.85,136.29,458340
2017-03-29,135.76,136.14,134.67,135.68,685973
2017-03-30,135.94,136.59,135.24,136.56,1054308
2017-03-31,136.22,137.38,135.76,136.74,620729
2017-04-03,136.65,136.98,135.05,136.1,725337
2017-04-04,135.99,136.36,135.06,135.81,391781
2017-04-05,136.0,137.94,135.82,136.4,868223
2017-04-06,136.24,136.43,135.07,136.07,307820
2017-04-07,135.87,136.55,135.26,136.22,409855
2017-04-10,136.21,136.67,135.37,135.59,496522
2017-04-11,135.37,135.74,134.71,135.74,405226
2017-04-12,135.06,135.75,134.78,135.31,389139
2017-04-13,135.12,136.3,134.75,134.86,327364
2017-04-17,135.38,137.03,134.76,137.03,380052
2017-04-18,136.85,137.82,136.85,137.29,539374
2017-04-19,137.27,137.76,136.38,136.4,565179
2017-04-20,136.56,137.71,136.25,137.31,493795
2017-04-21,137.49,137.96,136.94,137.33,482265
2017-04-24,138.15,139.36,137.77,139.24,668884
2017-04-25,139.44,139.87,138.94,139.47,575298
2017-04-26,139.34,139.89,138.46,138.74,625122
2017-04-27,133.0,137.2,131.62,136.19,1593899
2017-04-28,135.37,136.54,134.18,135.31,1177889
2017-05-01,135.99,136.16,134.44,135.0,946358
2017-05-02,135.09,136.48,134.75,136.48,656953
2017-05-03,136.2,136.73,135.88,136.08,589189
2017-05-04,136.05,137.05,136.0,136.86,507958
2017-05-05,137.13,138.94,136.79,138.81,514106
2017-05-08,139.18,139.5,137.04,137.23,416243
2017-05-09,136.99,137.67,135.51,135.87,451399
2017-05-10,135.93,136.82,135.37,135.91,366648
2017-05-11,135.8,135.87,134.74,135.65,300556
2017-05-12,135.57,135.57,134.56,135.05,297377
2017-05-15,135.12,136.74,134.63,136.63,464467
2017-05-16,137.0,137.53,135.15,135.68,303190
2017-05-17,134.68,135.13,134.21,134.23,526847
2017-05-18,134.36,136.25,133.49,135.27,568292
2017-05-19,135.52,137.44,135.39,136.37,717165
2017-05-22,137.19,137.76,136.29,137.3,515555
2017-05-23,136.93,137.17,136.22,136.76,396157
2017-05-24,136.75,137.32,135.76,136.39,558099
2017-05-25,137.11,137.82,136.79,137.13,604437
2017-05-26,137.1,137.9,136.06,136.43,324937
2017-05-30,136.3,136.88,135.34,136.71,621656
2017-05-31,137.06,137.29,136.23,136.8,721537
2017-06-01,137.0,138.0,136.07,137.89,577591
2017-06-02,138.0,138.84,137.33,137.61,422096
2017-06-05,137.38,138.65,137.05,138.16,458894
2017-06-06,137.84,138.83,137.12,137.13,563814
2017-06-07,137.51,138.15,136.89,137.38,350588
2017-06-08,137.38,137.41,134.51,135.45,635716
2017-06-09,135.48,136.4,134.67,135.52,384515
2017-06-12,135.36,137.39,134.99,136.83,560006
2017-06-13,137.55,140.86,137.37,140.34,706649
2017-06-14,140.9,142.04,140.32,141.01,726918
2017-06-15,139.98,141.75,139.45,141.62,482098
2017-06-16,141.75,143.09,141.25,142.58,939304
2017-06-19,143.31,144.01,141.46,141.8,785371
2017-06-20,141.33,141.68,139.11,139.56,697056
2017-06-21,139.99,139.99,137.79,139.03,471694
2017-06-22,139.06,139.15,137.53,138.93,422930
2017-06-23,138.82,139.62,138.11,139.39,588824
2017-06-26,139.71,140.36,138.86,139.43,252047
2017-06-27,139.0,139.56,137.89,138.35,291312
2017-06-28,139.12,139.97,138.16,139.51,504746
2017-06-29,139.25,139.42,135.92,137.15,399018
2017-06-30,138.16,138.35,137.23,137.42,625878
2017-07-03,137.9,138.89,137.17,138.01,261422
2017-07-05,137.68,139.75,137.45,139.55,559233
2017-07-06,138.56,138.56,136.66,137.22,784131
2017-07-07,137.89,139.45,137.88,138.37,519105
2017-07-10,138.38,139.25,137.55,139.0,341151
2017-07-11,138.99,139.45,138.24,138.93,387854
2017-07-12,139.91,140.56,139.57,139.8,480276
2017-07-13,139.98,140.32,138.96,139.13,416434
2017-07-14,139.36,140.12,139.36,139.77,277200
2017-07-17,139.67,140.68,139.38,140.06,363691
2017-07-18,139.4,141.52,139.07,141.52,427929
2017-07-19,141.72,142.88,141.17,142.72,477702
2017-07-20,143.03,143.47,142.14,142.99,466649
2017-07-21,142.62,144.37,142.62,143.89,268700
2017-07-24,143.64,144.76,143.34,144.52,548668
2017-07-25,145.35,145.35,144.16,144.8,483846
2017-07-26,145.21,147.02,144.76,146.21,692244
2017-07-27,142.57,142.94,139.12,142.68,1210522
2017-07-28,142.92,145.6,142.54,145.09,703954
2017-07-31,145.75,146.42,145.26,145.44,729663
2017-08-01,146.0,146.5,145.44,146.26,452814
2017-08-02,146.0,146.25,144.79,145.49,651753
2017-08-03,145.46,145.46,143.95,144.94,594068
2017-08-04,145.27,145.56,144.57,145.43,404308
2017-08-07,145.36,145.63,144.61,145.47,588741
2017-08-08,144.97,145.32,142.2,142.37,623544
2017-08-09,142.37,143.33,141.9,142.94,394583
2017-08-10,142.14,142.88,141.42,142.06,452675
2017-08-11,141.93,142.83,141.28,141.35,351561
2017-08-14,142.16,143.2,141.64,142.81,387359
2017-08-15,142.87,143.25,141.86,142.88,467956
2017-08-16,143.18,143.41,142.5,143.0,485766
2017-08-17,142.94,143.15,140.58,140.63,381584
2017-08-18,140.9,141.0,139.73,139.89,530586
2017-08-21,140.07,140.33,139.14,139.84,391294
2017-08-22,139.81,142.36,139.46,142.22,609388
2017-08-23,141.37,142.41,140.76,140.98,281627
2017-08-24,141.23,141.23,140.15,140.38,221816
2017-08-25,141.12,141.18,140.39,140.7,304007
2017-08-28,141.0,141.28,140.09,140.62,476730
2017-08-29,140.07,141.11,139.75,140.8,321917
2017-08-30,140.57,141.71,140.56,141.42,221695
2017-08-31,141.78,143.27,141.77,142.47,425417
2017-09-01,142.73,143.37,141.59,141.59,363111
2017-09-05,141.42,142.49,140.57,141.1,495148
2017-09-06,141.58,142.14,141.02,141.39,452254
2017-09-07,141.45,143.27,141.35,142.72,518521
2017-09-08,121.82,125.5,117.25,123.23,16854687
2017-09-11,121.53,122.0,111.17,113.12,9825546
2017-09-12,112.97,116.08,112.18,115.96,6939119
2017-09-13,116.55,116.75,98.04,98.99,17508859
2017-09-14,98.69,100.75,89.59,96.66,34582442
2017-09-15,94.4,95.69,90.72,92.98,16707681
2017-09-18,93.0,95.06,92.08,94.38,10873790
2017-09-19,92.5,95.35,91.88,94.87,7847041
2017-09-20,95.0,97.41,93.1,96.0,8760523
2017-09-21,96.5,98.47,95.25,98.25,5483575
2017-09-22,100.1,105.2,99.8,105.04,12473475
2017-09-25,106.23,107.17,104.51,105.09,8059352
2017-09-26,102.79,106.15,101.74,106.05,7616767
2017-09-27,107.0,108.99,106.0,106.44,7601583
2017-09-28,106.43,106.52,103.78,106.37,3780250
2017-09-29,106.0,107.6,105.72,105.99,3735854
2017-10-02,106.09,108.61,106.0,107.81,3666990
2017-10-03,108.0,112.46,107.08,110.45,6579348
2017-10-04,110.55,112.09,108.77,111.93,3979342
2017-10-05,111.85,113.64,110.78,112.97,3275656
2017-10-06,113.17,113.43,110.9,111.34,2929581
2017-10-09,111.35,113.55,110.68,112.25,1709349
2017-10-10,112.86,113.66,112.19,113.54,1921478
2017-10-11,113.56,114.46,109.69,110.5,2555209
2017-10-12,109.85,110.85,106.58,108.81,5976152
2017-10-13,109.55,110.35,108.06,109.5,2157916
2017-10-16,109.68,110.26,108.63,108.7,3078443
2017-10-17,109.0,110.08,108.48,108.58,1532098
2017-10-18,108.75,110.75,108.52,110.62,2230839
2017-10-19,110.55,111.82,110.01,110.51,2238265
2017-10-20,110.93,112.95,109.76,109.97,1974001
2017-10-23,109.31,109.94,108.32,109.36,2265550
2017-10-24,109.3,110.09,108.67,108.8,1873494
2017-10-25,109.4,109.7,107.43,107.54,2357352
2017-10-26,107.3,109.3,107.04,108.95,1340671
2017-10-27,109.31,110.66,109.07,109.39,1435018
2017-10-30,109.0,109.39,108.11,109.01,1165668
2017-10-31,108.99,110.32,108.53,108.53,1041041
2017-11-01,109.12,111.29,108.89,109.8,1438877
2017-11-02,110.09,110.34,107.63,108.92,1240870
2017-11-03,110.5,110.5,108.64,108.7,939730
2017-11-06,108.7,110.0,107.91,108.03,1740356
2017-11-07,108.14,108.6,106.75,107.42,1866652
2017-11-08,107.4,107.98,106.92,107.2,2538979
2017-11-09,106.34,109.29,106.22,108.95,2048647
2017-11-10,110.18,110.18,105.31,108.74,2160804
2017-11-13,106.77,109.36,106.45,108.79,1657649
2017-11-14,108.45,111.12,108.45,109.31,1126842
2017-11-15,109.47,110.85,108.42,110.21,867677
2017-11-16,110.49,110.49,109.14,109.58,1127932
2017-11-17,109.11,111.61,109.02,111.37,902625
2017-11-20,111.27,112.19,110.68,110.91,580193
2017-11-21,110.87,111.43,110.66,110.71,716927
2017-11-22,110.52,110.71,109.56,109.81,523055
2017-11-24,109.69,111.01,109.67,109.9,343978
2017-11-27,110.09,110.72,109.42,110.5,657050
2017-11-28,110.72,112.55,110.12,112.09,1421834
2017-11-29,112.26,114.49,112.02,112.65,1728235
2017-11-30,112.65,114.97,112.26,114.12,1852639
2017-12-01,114.12,114.44,111.29,112.93,1358450
2017-12-04,113.64,114.62,112.91,113.4,1307454
2017-12-05,113.5,114.46,112.36,114.39,1290388
2017-12-06,113.97,115.8,113.51,115.69,1422172
2017-12-07,115.45,116.83,114.9,116.83,1094545
2017-12-08,117.0,117.49,116.11,117.4,1143766
2017-12-11,117.42,118.53,116.84,118.52,1291329
2017-12-12,118.48,118.52,117.73,118.22,990698
2017-12-13,118.5,118.55,116.9,117.4,1317109
2017-12-14,116.63,120.05,116.22,118.19,1303668
2017-12-15,118.9,120.11,117.93,119.51,2501057
2017-12-18,119.97,120.01,117.73,118.33,973114
2017-12-19,118.59,119.75,118.0,119.44,987493
2017-12-20,119.87,120.77,118.83,118.89,818157
2017-12-21,119.2,119.7,118.15,119.57,739010
2017-12-22,119.59,120.0,118.8,119.73,770390
2017-12-26,119.75,119.97,118.27,118.98,617222
2017-12-27,119.02,119.85,118.75,119.78,627759
2017-12-28,119.82,119.82,118.46,119.73,548868
2017-12-29,120.05,120.05,117.82,117.92,803766
2018-01-02,118.17,119.59,117.37,119.54,1674489
2018-01-03,119.69,120.35,119.17,120.16,1493721
2018-01-04,120.44,121.9,120.42,121.64,1237327
2018-01-05,121.93,122.92,121.48,122.83,848161
2018-01-08,122.94,122.94,121.89,121.99,2727365
2018-01-09,122.0,122.91,121.65,122.25,720117
2018-01-10,122.05,122.12,120.85,121.18,1026797
2018-01-11,121.31,122.1,120.9,121.49,1078882
2018-01-12,122.08,122.95,121.33,122.85,1118461
2018-01-16,122.82,122.9,121.81,122.16,1014355
2018-01-17,122.62,125.75,121.63,123.22,978983
2018-01-18,122.9,123.61,122.46,122.84,929313
2018-01-19,123.44,125.27,123.16,124.53,1178000
2018-01-22,124.1,125.7,124.0,125.0,1326641
2018-01-23,124.99,125.71,124.4,124.99,923231
2018-01-24,125.55,126.35,125.1,125.73,1500518
2018-01-25,126.21,127.44,125.74,126.75,1045653
2018-01-26,127.57,127.73,126.58,127.49,1087897
2018-01-29,127.23,127.38,124.16,124.77,1005724
2018-01-30,123.82,125.14,122.96,123.08,1576127
2018-01-31,123.82,125.69,122.91,124.93,887716
2018-02-01,124.85,125.05,123.49,124.15,676464
2018-02-02,123.42,123.42,121.07,121.49,1661142
2018-02-05,120.9,123.24,118.11,118.4,1452143
2018-02-06,116.15,119.48,116.0,118.41,1462466
2018-02-07,118.23,120.65,117.38,117.6,1126318
2018-02-08,117.7,119.1,113.01,114.0,1572269
2018-02-09,114.42,116.1,108.33,112.2,2839358
2018-02-12,112.81,114.8,112.18,114.4,1116958
2018-02-13,114.0,115.4,113.5,114.55,700176
2018-02-14,113.83,115.78,112.82,114.05,1323770
2018-02-15,114.32,117.72,113.5,117.17,1254017
2018-02-16,117.05,118.46,116.82,117.46,804646
2018-02-20,116.92,117.56,115.16,115.55,1102373
2018-02-21,115.94,116.76,113.79,113.83,1160907
2018-02-22,114.79,116.21,114.5,115.21,1342644
2018-02-23,115.58,116.2,114.22,115.4,1298345
2018-02-26,115.5,116.5,114.4,115.04,1235451
2018-02-27,115.22,115.65,113.73,114.19,1129994
2018-02-28,114.89,115.2,113.0,113.0,1120812
2018-03-01,113.29,114.0,110.55,111.5,1660807
2018-03-02,112.75,117.61,112.09,117.23,2811239
2018-03-05,116.98,122.0,116.98,121.35,2088098
2018-03-06,121.49,122.35,120.69,121.39,1446693
2018-03-07,120.97,122.0,119.84,121.12,1039020
2018-03-08,121.21,122.0,120.41,120.96,830262
2018-03-09,121.67,124.92,121.1,124.92,1575343
2018-03-12,125.03,125.4,123.81,124.87,926168
2018-03-13,125.44,125.48,123.31,123.74,958692
2018-03-14,124.22,124.55,122.31,123.19,869154
2018-03-15,123.06,124.97,122.51,123.65,704686
2018-03-16,123.72,124.23,122.94,123.46,968230
2018-03-19,123.28,123.68,121.4,122.26,1216927
2018-03-20,122.73,123.91,121.96,123.09,1033915
2018-03-21,123.53,124.27,120.92,121.07,1140947
2018-03-22,120.4,120.4,117.27,117.63,1966458
2018-03-23,117.5,119.06,115.81,115.85,978258
2018-03-26,117.23,117.97,115.85,117.97,615337
2018-03-27,118.37,119.09,115.9,116.42,875257
2018-03-28,117.16,121.76,117.16,119.04,1550947
2018-03-29,119.3,119.3,116.9,117.81,986138
2018-04-02,117.7,117.7,113.62,114.95,981288
2018-04-03,115.14,118.46,114.29,118.38,1157829
2018-04-04,117.0,119.31,116.71,119.08,957494
2018-04-05,119.5,119.88,118.06,119.62,887452
2018-04-06,119.0,119.64,116.77,117.58,865283
2018-04-09,118.7,118.7,116.56,116.85,1045643
2018-04-10,117.46,118.24,116.06,117.98,1056447
2018-04-11,117.27,118.6,116.98,117.31,565840
2018-04-12,117.61,118.07,116.74,116.91,555413
2018-04-13,117.26,117.53,115.73,116.0,940989
2018-04-16,117.16,117.36,116.31,116.66,604834
2018-04-17,117.48,119.19,117.09,118.9,448236
2018-04-18,118.91,119.47,118.33,118.4,620704
2018-04-19,118.41,119.28,117.79,118.78,758410
2018-04-20,119.04,120.34,118.33,118.88,1030300
2018-04-23,119.22,120.17,118.94,119.62,703288
2018-04-24,119.95,120.63,118.2,119.13,671807
2018-04-25,118.62,119.98,117.29,119.84,1058513
2018-04-26,117.73,117.82,114.26,115.97,1928611
2018-04-27,115.86,116.02,113.45,114.28,903841
2018-04-30,114.67,114.81,111.72,112.05,1328039
2018-05-01,111.89,113.16,111.43,113.03,718409
2018-05-02,112.32,113.91,112.1,112.71,771389
2018-05-03,112.53,112.78,110.96,112.5,567323
2018-05-04,111.85,112.89,111.3,112.46,611911
2018-05-07,112.81,113.98,112.72,113.0,1203614
2018-05-08,112.19,112.89,110.86,111.26,1067778
2018-05-09,111.71,114.37,111.64,113.86,892097
2018-05-10,114.35,115.7,114.17,114.82,764359
2018-05-11,115.05,115.63,114.5,114.72,757331
2018-05-14,114.81,114.81,113.34,113.49,839680
2018-05-15,112.64,114.1,112.13,114.02,1455653
2018-05-16,114.15,115.0,113.8,114.47,673529
2018-05-17,114.24,115.37,114.11,114.67,634057
2018-05-18,114.85,114.97,114.29,114.71,856350
2018-05-21,115.25,116.76,115.13,116.49,507220
2018-05-22,116.5,116.71,115.15,115.64,855869
2018-05-23,115.27,116.12,114.82,115.75,552463
2018-05-24,115.3,115.69,113.94,114.66,629912
2018-05-25,114.52,115.41,114.52,115.21,360176
2018-05-29,114.38,114.61,113.29,113.91,773367
2018-05-30,114.71,114.72,113.65,114.52,647088
2018-05-31,115.38,115.77,113.9,113.96,955523
2018-06-01,114.18,114.77,113.27,114.29,1227163
2018-06-04,114.54,116.89,114.54,116.79,1711199
2018-06-05,116.88,118.57,116.76,117.52,814326
2018-06-06,117.71,125.63,117.71,124.72,2686754
2018-06-07,125.08,126.72,124.8,126.49,1997435
2018-06-08,126.54,127.9,125.86,127.82,1145439
2018-06-11,127.93,128.13,124.29,124.44,1876917
2018-06-12,124.27,124.65,123.5,124.65,913726
2018-06-13,124.95,125.67,124.6,125.08,813613
2018-06-14,125.26,126.13,125.24,125.34,1414791
2018-06-15,125.15,125.19,123.41,124.01,1165417
2018-06-18,123.77,124.93,123.04,124.79,761918
2018-06-19,123.54,126.22,123.23,126.02,1389024
2018-06-20,126.39,128.48,125.83,128.03,1196072
2018-06-21,127.73,128.53,126.76,127.22,912540
2018-06-22,127.72,128.17,126.43,126.6,1688081
2018-06-25,126.36,126.6,124.27,124.58,674187
2018-06-26,124.67,124.93,124.06,124.46,1198283
2018-06-27,124.32,125.51,122.93,122.99,1319619
2018-06-28,122.63,126.24,122.16,126.16,1476584
2018-06-29,126.09,127.33,125.05,125.11,1412640
2018-07-02,123.85,124.32,122.68,124.23,674414
2018-07-03,124.97,125.9,124.06,124.13,365117
2018-07-05,125.21,126.24,124.43,126.17,380001
2018-07-06,126.15,127.57,125.93,127.24,357023
2018-07-09,127.71,128.85,127.28,128.53,924074
2018-07-10,128.72,129.06,128.36,128.63,600153
2018-07-11,128.31,129.31,127.59,128.66,878915
2018-07-12,128.94,129.1,128.09,128.55,969068
2018-07-13,128.55,128.6,126.9,126.99,768741
2018-07-16,126.99,127.42,125.81,126.64,651319
2018-07-17,126.44,126.61,125.47,125.88,861537
2018-07-18,125.9,126.41,125.55,126.2,1016116
2018-07-19,126.16,126.6,125.18,125.86,542089
2018-07-20,125.51,126.87,125.51,126.51,583750
2018-07-23,126.46,127.68,126.16,127.08,606391
2018-07-24,127.73,127.73,126.34,127.19,715690
2018-07-25,127.13,128.2,127.13,127.7,1150840
2018-07-26,123.62,125.0,120.85,123.25,2979763
2018-07-27,122.95,123.74,121.64,123.49,1196756
2018-07-30,123.15,126.16,123.01,125.55,948803
2018-07-31,126.04,128.09,125.39,125.5,1060360
2018-08-01,125.09,126.54,124.46,125.22,967760
2018-08-02,124.8,125.98,124.56,125.78,555443
2018-08-03,125.76,127.83,125.22,127.76,546758
2018-08-06,127.74,128.28,127.13,128.05,766645
2018-08-07,128.29,128.38,127.5,127.57,447247
2018-08-08,127.95,128.44,126.92,127.48,323792
2018-08-09,127.47,129.05,127.28,128.4,505190
2018-08-10,127.59,128.77,127.1,128.36,406475
2018-08-13,128.31,129.9,127.88,128.84,641866
2018-08-14,129.22,130.18,129.03,129.52,578433
2018-08-15,129.18,129.35,127.8,129.03,538960
2018-08-16,129.45,130.48,129.39,129.76,487391
2018-08-17,129.94,133.12,129.24,133.09,902434
2018-08-20,133.07,133.99,131.38,132.85,1418300
2018-08-21,132.88,134.67,132.76,134.28,775982
2018-08-22,134.04,134.79,133.62,134.29,449968
2018-08-23,134.48,136.09,134.35,135.2,872334
2018-08-24,135.18,135.18,132.39,132.57,707780
2018-08-27,133.02,133.13,131.78,132.3,844401
2018-08-28,132.71,134.21,132.09,132.6,1061624
2018-08-29,132.56,134.25,131.74,133.89,777593
2018-08-30,133.78,133.89,132.76,133.38,645966
2018-08-31,133.08,134.11,132.82,133.97,739642
2018-09-04,133.66,134.93,133.55,134.62,548626
2018-09-05,134.52,135.13,134.09,134.54,759489
2018-09-06,134.75,136.2,134.75,135.76,404790
2018-09-07,135.37,137.0,134.77,135.91,511870
2018-09-10,136.68,136.68,134.42,134.56,887547
2018-09-11,134.34,135.5,133.8,134.84,1391661
2018-09-12,134.77,135.8,134.25,135.65,528430
2018-09-13,136.57,136.86,135.55,135.9,432687
2018-09-14,136.0,136.99,135.26,136.68,679403
2018-09-17,136.62,136.7,135.4,135.94,480452
2018-09-18,135.75,138.69,135.75,138.06,783822
2018-09-19,138.15,138.15,134.07,134.32,584331
2018-09-20,134.76,135.44,132.66,133.53,1332749
2018-09-21,133.24,134.14,132.29,133.41,1151592
2018-09-24,133.38,133.38,131.26,131.89,829771
2018-09-25,132.32,132.4,130.99,131.74,1457526
2018-09-26,131.99,132.49,130.72,130.86,790782
2018-09-27,130.84,131.2,130.21,130.39,779953
2018-09-28,130.06,130.97,129.45,130.57,757759
2018-10-01,131.42,131.49,130.09,130.79,1028875
2018-10-02,131.06,132.74,130.5,132.39,1193179
2018-10-03,132.61,132.88,131.55,131.79,582102
2018-10-04,131.08,131.77,127.33,128.26,1192504
2018-10-05,128.62,129.65,127.79,129.22,970540
2018-10-08,129.29,129.36,126.94,127.5,743289
2018-10-09,127.0,127.91,126.81,127.3,739956
2018-10-10,127.41,127.53,122.11,122.29,1183523
2018-10-11,121.96,122.91,118.5,118.52,1398004
2018-10-12,120.27,123.4,119.79,123.05,1810330
2018-10-15,122.35,124.01,121.71,123.1,923013
2018-10-16,123.49,125.15,122.52,124.46,868312
2018-10-17,124.12,125.14,123.27,124.27,707494
2018-10-18,124.08,125.19,122.44,123.35,503202
2018-10-19,123.55,125.18,123.2,123.56,658305
2018-10-22,123.98,124.11,122.21,122.95,1757569
2018-10-23,120.45,120.47,116.7,119.04,1294775
2018-10-24,118.92,120.2,115.1,115.36,1380498
2018-10-25,107.74,107.74,90.54,98.31,9651088
2018-10-26,96.9,98.35,95.72,97.19,4949308
2018-10-29,98.22,99.32,95.48,96.62,2222857
2018-10-30,97.09,99.27,96.95,99.03,1416778
2018-10-31,99.79,102.12,99.56,101.44,1984508
2018-11-01,102.35,105.14,102.35,104.74,2075620
2018-11-02,105.04,105.7,101.86,103.86,1684490
2018-11-05,104.01,105.98,103.11,103.92,1007992
2018-11-06,103.27,104.31,103.18,103.56,815528
2018-11-07,104.39,104.41,102.73,103.87,1277925
2018-11-08,103.79,103.96,101.38,101.99,1448499
2018-11-09,101.95,102.82,101.09,102.12,1031699
2018-11-12,101.64,102.0,100.24,100.38,1659333
2018-11-13,100.41,102.01,99.34,100.38,1571329
2018-11-14,100.72,100.72,97.38,97.73,1986856
2018-11-15,97.33,100.09,97.13,99.63,1595930
2018-11-16,99.5,101.53,99.5,100.92,1618385
2018-11-19,100.96,102.98,100.53,101.52,3659226
2018-11-20,100.11,101.2,99.59,100.89,3333860
2018-11-21,101.32,101.33,100.5,101.0,1688126
2018-11-23,100.47,101.81,100.01,101.06,438573
2018-11-26,101.87,102.37,101.29,102.26,1299558
2018-11-27,101.72,103.01,100.45,103.0,1085460
2018-11-28,103.5,105.83,102.29,105.76,1011133
2018-11-29,105.89,106.74,102.54,102.8,3025377
2018-11-30,102.78,103.1,101.76,102.67,739738
2018-12-03,104.51,104.97,102.69,102.98,944198
2018-12-04,102.72,103.72,99.06,99.28,1205499
2018-12-06,97.82,100.32,96.9,100.32,993773
2018-12-07,100.44,101.55,98.85,99.36,1452013
2018-12-10,99.3,99.41,96.05,98.44,1511044
2018-12-11,98.88,99.23,96.78,97.04,671450
2018-12-12,98.25,99.64,97.66,98.05,1004041
2018-12-13,98.44,98.44,96.25,97.12,844879
2018-12-14,96.23,97.25,96.0,97.18,936749
2018-12-17,96.95,98.23,96.16,97.24,1747429
2018-12-18,97.88,98.65,94.56,95.12,1533795
2018-12-19,94.95,97.19,93.35,94.23,1354425
2018-12-20,93.83,94.38,90.33,91.28,1527148
2018-12-21,91.5,92.86,89.87,91.0,2504863
2018-12-24,90.26,91.14,89.75,90.0,1135940
2018-12-26,90.23,92.82,88.68,92.7,969010
2018-12-27,91.32,94.13,90.18,94.13,1069920
2018-12-28,94.68,94.68,92.42,92.86,1070872
2018-12-31,93.33,93.99,92.08,93.13,769429
2019-01-02,91.34,93.41,91.29,93.04,895314
2019-01-03,93.11,93.71,90.69,91.34,720050
2019-01-04,92.29,94.54,91.97,94.25,776404
2019-01-07,94.16,95.09,93.52,93.68,929409
2019-01-08,94.07,94.82,93.32,94.39,1263211
2019-01-09,94.28,96.07,94.2,96.0,794208
2019-01-10,95.71,96.9,95.17,96.66,1184334
2019-01-11,95.92,96.66,95.91,96.65,632250
2019-01-14,95.8,96.78,95.1,96.17,699239
2019-01-15,96.25,98.4,96.18,97.41,1891850
2019-01-16,97.38,98.76,97.32,98.41,758145
2019-01-17,98.2,101.1,97.82,101.05,1665578
2019-01-18,101.5,104.28,101.49,104.24,1704147
2019-01-22,103.87,104.06,102.6,103.62,1662594
2019-01-23,103.52,104.3,102.96,104.02,987007
2019-01-24,104.0,104.42,103.28,103.82,899136
2019-01-25,104.85,105.64,104.59,105.63,672710
2019-01-28,104.77,105.9,104.21,105.21,1407724
2019-01-29,105.32,105.82,104.35,104.91,536609
2019-01-30,105.33,106.6,104.47,105.9,951718
2019-01-31,105.93,107.36,105.21,107.02,768671
2019-02-01,107.09,108.52,106.6,107.94,1348323
2019-02-04,107.86,108.15,106.75,107.77,1231376
2019-02-05,106.7,107.82,106.02,107.78,705976
2019-02-06,107.29,107.62,106.43,107.07,1051018
2019-02-07,106.27,107.09,105.69,106.6,690199
2019-02-08,105.99,106.94,105.71,106.88,1184895
2019-02-11,107.0,107.73,106.65,107.25,1371859
2019-02-12,107.57,108.5,106.91,108.42,1290397
2019-02-13,108.69,108.8,107.81,108.5,1121039
2019-02-14,107.5,109.67,107.41,108.93,4365579
2019-02-15,109.66,110.52,109.15,109.31,988527
2019-02-19,108.88,109.7,108.55,109.32,1931999
2019-02-20,109.56,110.36,107.85,108.13,3131124
2019-02-21,107.05,113.11,105.58,110.49,2669738
2019-02-22,110.41,110.98,108.52,110.76,1468570
2019-02-25,111.33,111.95,110.34,110.39,976440
2019-02-26,110.36,111.0,109.41,110.95,1115072
2019-02-27,110.78,111.28,108.7,108.74,1039871
2019-02-28,108.84,109.85,108.26,109.51,740855
2019-03-01,109.99,110.61,109.0,110.46,901851
2019-03-04,110.9,111.25,109.3,110.22,644366
2019-03-05,110.33,110.33,109.51,109.91,478627
2019-03-06,109.93,110.05,109.29,109.38,630209
2019-03-07,109.27,109.52,107.82,108.71,678364
2019-03-08,108.06,108.67,107.58,108.53,604162
2019-03-11,108.3,110.4,108.3,110.04,640452
2019-03-12,110.5,111.49,110.34,111.09,694354
2019-03-13,111.25,112.45,111.15,111.57,596322
2019-03-14,111.47,111.65,110.01,110.32,668214
2019-03-15,110.15,111.05,109.76,111.02,884799
2019-03-18,111.26,112.87,111.2,112.71,982177
2019-03-19,112.82,113.76,112.79,113.43,848195
2019-03-20,113.16,113.48,111.42,112.45,475179
2019-03-21,112.04,115.11,112.04,115.0,896214
2019-03-22,114.74,114.78,112.8,112.88,599380
2019-03-25,113.01,113.01,111.51,112.37,506327
2019-03-26,113.04,113.58,112.48,113.36,561187
2019-03-27,113.33,115.21,113.13,114.92,813475
2019-03-28,114.53,117.05,114.44,116.78,1066600
2019-03-29,117.55,118.95,117.39,118.5,1657659
2019-04-01,119.1,119.83,118.86,119.52,652688
2019-04-02,119.69,120.32,118.45,120.23,486173
2019-04-03,120.71,122.4,120.36,122.34,776358
2019-04-04,122.65,123.12,121.85,123.11,1216815
2019-04-05,123.39,124.83,123.34,123.78,1588163
2019-04-08,123.45,124.02,122.6,123.27,734661
2019-04-09,122.78,123.15,122.32,122.52,478516
2019-04-10,122.88,123.13,121.92,123.12,602132
2019-04-11,123.42,124.57,122.87,124.48,562234
2019-04-12,125.0,126.15,124.54,125.06,540464
2019-04-15,125.39,126.21,125.06,126.17,508707
2019-04-16,126.64,126.66,125.72,126.27,437132
2019-04-17,126.89,126.89,125.35,125.46,604523
2019-04-18,125.39,126.06,124.79,125.7,562038
2019-04-22,125.35,125.35,124.32,124.82,809351
2019-04-23,124.82,125.81,123.73,125.14,914860
2019-04-24,125.66,126.73,124.89,125.42,458475
2019-04-25,124.83,124.94,123.77,124.52,356733
2019-04-26,124.99,125.36,123.98,125.26,330081
2019-04-29,125.35,126.43,125.35,126.16,504435
2019-04-30,125.88,126.85,125.57,125.95,712866
2019-05-01,126.41,126.46,124.44,124.47,652372
2019-05-02,124.66,124.66,123.19,123.3,916357
2019-05-03,123.81,124.93,123.73,124.17,714050
2019-05-06,122.07,124.34,120.83,123.89,960680
2019-05-07,122.93,123.67,120.35,121.23,833637
2019-05-08,121.03,121.61,119.93,120.0,1279074
2019-05-09,119.09,119.9,117.84,119.04,2803931
2019-05-10,117.46,119.56,115.38,119.4,2541817
2019-05-13,116.5,116.94,115.44,116.43,1895359
2019-05-14,116.74,119.41,116.69,118.69,756530
2019-05-15,118.02,119.33,117.88,118.72,993235
2019-05-16,119.39,122.22,118.04,121.55,723882
2019-05-17,120.65,122.25,120.64,121.12,616893
2019-05-20,120.6,122.13,120.0,121.28,409409
2019-05-21,121.69,123.93,121.69,122.78,614784
2019-05-22,122.78,123.95,122.48,123.84,519644
2019-05-23,122.19,122.62,120.5,121.06,677049
2019-05-24,121.47,122.34,120.77,121.72,551760
2019-05-28,122.19,124.0,121.77,123.4,1153205
2019-05-29,123.01,123.01,121.58,122.34,1000000
2019-05-30,123.17,124.9,122.2,123.15,612343
2019-05-31,121.98,121.98,119.98,120.9,1102422
2019-06-03,120.9,122.34,119.91,120.53,1172352
2019-06-04,121.07,124.3,121.05,124.19,704748
2019-06-05,125.0,128.19,124.94,128.0,1002860
2019-06-06,128.14,129.26,127.19,129.1,729581
2019-06-07,129.84,131.0,129.45,130.17,618446
2019-06-10,131.05,131.13,130.01,130.21,480011
2019-06-11,131.0,131.06,128.1,128.65,697255
2019-06-12,128.65,131.28,128.62,130.99,811485
2019-06-13,131.24,133.04,130.24,132.63,773484
2019-06-14,132.79,133.29,131.63,132.04,472894
2019-06-17,132.39,133.15,131.65,132.6,558579
2019-06-18,133.5,134.27,132.55,132.76,396866
2019-06-19,132.99,134.2,132.29,133.87,633700
2019-06-20,134.6,136.21,134.29,134.98,854548
2019-06-21,134.5,135.07,134.06,134.07,1601478
2019-06-24,134.39,134.39,133.03,133.16,554392
2019-06-25,132.99,132.99,130.86,130.98,605112
2019-06-26,131.11,131.43,130.41,131.1,709722
2019-06-27,131.61,132.71,130.81,132.43,716453
2019-06-28,132.64,135.64,132.64,135.24,1839706
2019-07-01,136.84,136.99,135.15,135.83,813385
2019-07-02,135.8,136.68,135.02,136.11,884115
2019-07-03,136.91,138.85,136.67,138.61,459423
2019-07-05,138.07,138.42,136.35,138.06,419437
2019-07-08,137.69,137.69,135.78,136.2,863844
2019-07-09,135.97,137.24,135.34,137.19,612200
2019-07-10,137.72,137.95,135.05,135.25,674149
2019-07-11,135.48,136.87,135.05,136.67,403391
2019-07-12,136.89,137.77,135.96,137.66,499174
2019-07-15,137.89,137.89,136.48,137.21,623248
2019-07-16,137.21,137.53,136.81,137.42,388403
2019-07-17,137.09,138.85,137.09,137.99,462868
2019-07-18,137.79,139.26,136.93,139.24,646514
2019-07-19,140.52,140.52,137.26,137.3,531825
2019-07-22,139.09,140.28,137.66,137.84,586860
2019-07-23,138.01,140.8,138.01,140.49,730330
2019-07-24,140.15,142.9,139.54,142.25,1540025
2019-07-25,142.42,144.03,136.91,137.59,1846396
2019-07-26,138.33,143.05,137.99,142.34,887851
2019-07-29,142.34,143.03,141.65,142.72,666048
2019-07-30,142.12,142.18,140.25,141.4,1034203
2019-07-31,141.56,141.8,138.14,139.09,976002
2019-08-01,139.21,140.32,137.34,138.2,1290212
2019-08-02,137.86,138.8,136.99,138.07,723648
2019-08-05,135.63,136.75,133.53,134.68,1361375
2019-08-06,135.3,137.57,134.26,137.41,882439
2019-08-07,135.93,140.4,135.25,140.25,972614
2019-08-08,140.6,144.46,140.26,144.01,1107708
2019-08-09,143.88,143.96,141.29,141.7,1222446
2019-08-12,141.1,141.47,139.35,139.86,866983
2019-08-13,139.53,143.6,139.53,142.76,704499
2019-08-14,140.58,141.67,139.09,139.94,970559
2019-08-15,140.34,141.59,139.25,141.29,899553
2019-08-16,142.0,143.99,141.76,143.74,440005
2019-08-19,145.0,145.56,143.89,144.0,861579
2019-08-20,143.82,143.9,142.41,142.75,1129843
2019-08-21,143.57,144.89,142.81,144.22,876368
2019-08-22,144.47,144.84,142.62,143.91,347756
2019-08-23,143.41,143.85,141.25,141.75,954823
2019-08-26,142.68,143.43,141.39,143.42,483183
2019-08-27,144.37,145.19,143.7,144.71,509946
2019-08-28,144.04,145.3,143.19,144.89,425159
2019-08-29,146.28,146.69,145.46,146.06,524429
2019-08-30,147.0,147.47,145.94,146.38,584370
2019-09-03,145.51,147.32,145.38,145.62,861081
2019-09-04,146.64,146.64,145.76,146.42,508469
2019-09-05,147.85,148.59,146.53,146.78,445427
2019-09-06,146.36,147.91,146.36,146.76,630737
2019-09-09,147.64,147.64,144.18,144.5,615542
2019-09-10,143.7,143.83,137.54,140.0,1345090
2019-09-11,140.18,142.85,139.67,141.14,705487
2019-09-12,142.13,144.17,141.8,141.94,452981
2019-09-13,142.79,143.29,140.92,141.3,763547
2019-09-16,140.64,141.79,139.96,139.98,506902
2019-09-17,140.56,142.12,139.96,141.59,728537
2019-09-18,141.68,142.06,139.21,141.62,567059
2019-09-19,141.86,142.83,141.18,141.34,620236
2019-09-20,141.52,141.78,139.63,141.05,796069
2019-09-23,140.67,141.53,139.93,140.95,744170
2019-09-24,141.38,142.98,140.19,140.85,811499
2019-09-25,141.31,142.99,140.45,142.84,821260
2019-09-26,143.16,143.81,142.58,143.21,530254
2019-09-27,143.91,143.91,140.17,141.31,1183120
2019-09-30,140.88,141.88,140.4,140.67,724344
2019-10-01,140.66,141.8,137.95,138.27,757829
2019-10-02,136.95,137.15,134.18,134.42,701369
2019-10-03,134.46,136.73,132.95,136.5,1105199
2019-10-04,137.24,139.17,136.98,138.04,723127
2019-10-07,137.8,138.59,137.15,137.76,1044591
2019-10-08,136.65,137.12,134.24,136.07,1020466
2019-10-09,137.4,139.65,136.71,139.52,975044
2019-10-10,139.46,141.67,139.02,141.51,640105
2019-10-11,142.97,144.95,142.71,143.93,697592
2019-10-14,143.71,145.65,142.69,143.33,383204
2019-10-15,143.85,145.44,143.56,144.96,426489
2019-10-16,145.11,145.23,142.96,145.18,376699
2019-10-17,145.81,146.8,144.95,146.7,481307
2019-10-18,145.7,146.45,144.5,144.68,1069898
2019-10-21,145.35,146.13,144.05,145.51,952605
2019-10-22,145.66,145.66,139.21,139.33,1125340
2019-10-23,139.0,139.95,137.92,139.37,1852347
2019-10-24,140.0,141.35,131.9,137.69,3020814
2019-10-25,136.92,138.75,135.92,137.9,881018
2019-10-28,138.16,138.58,135.94,136.69,1137702
2019-10-29,136.49,137.58,135.5,135.84,1300126
2019-10-30,136.07,136.07,133.49,135.01,1199837
2019-10-31,135.49,137.35,135.26,136.71,837017
2019-11-01,137.51,138.76,136.4,138.7,770593
2019-11-04,139.03,139.35,134.55,134.8,951945
2019-11-05,134.96,134.96,131.57,133.25,1448141
2019-11-06,133.48,135.72,132.99,135.18,730632
2019-11-07,135.74,136.2,132.76,133.89,626590
2019-11-08,133.57,134.57,132.98,133.96,491607
2019-11-11,133.21,135.38,132.09,134.94,670447
2019-11-12,135.16,135.85,134.66,135.11,675470
2019-11-13,134.59,136.22,134.1,135.96,895947
2019-11-14,135.63,137.86,135.29,137.66,962399
2019-11-15,137.71,139.02,136.55,138.4,977539
2019-11-18,138.28,140.05,137.53,139.49,998784
2019-11-19,139.89,142.69,139.63,141.34,741159
2019-11-20,141.01,142.01,138.73,139.9,467291
2019-11-21,139.28,139.48,137.49,137.99,528474
2019-11-22,138.87,139.39,137.72,138.12,404076
2019-11-25,138.5,139.64,138.31,138.84,563711
2019-11-26,139.03,141.33,138.88,141.3,1164277
2019-11-27,141.7,141.92,139.74,141.33,488576
2019-11-29,141.31,141.47,139.23,139.64,282585
2019-12-02,139.57,140.09,138.2,138.23,480788
2019-12-03,136.85,137.48,135.56,136.16,462018
2019-12-04,136.07,138.02,136.07,136.42,512760
2019-12-05,136.74,137.97,135.79,137.94,540265
2019-12-06,139.09,139.48,137.94,138.5,319903
2019-12-09,137.83,138.42,137.38,137.66,357669
2019-12-10,137.25,137.75,136.41,136.52,524602
2019-12-11,136.95,137.18,135.23,135.95,504115
2019-12-12,135.7,138.93,135.41,138.53,789636
2019-12-13,138.22,139.04,135.88,138.7,815608
2019-12-16,138.89,140.19,138.05,138.25,735439
2019-12-17,138.38,138.53,135.37,136.16,758314
2019-12-18,136.34,138.03,135.62,137.65,1042092
2019-12-19,137.14,138.75,136.73,137.78,551057
2019-12-20,138.82,139.25,137.58,138.61,911349
2019-12-23,138.69,140.0,138.11,139.44,617293
2019-12-24,139.44,139.84,138.82,139.5,236863
2019-12-26,140.03,140.51,139.38,140.21,373403
2019-12-27,140.66,140.89,139.81,140.21,378340
2019-12-30,140.22,140.51,138.47,138.92,389213
2019-12-31,138.59,140.18,138.4,140.12,613516
2020-01-02,140.67,142.58,139.49,142.39,786984
2020-01-03,140.19,143.05,140.19,142.87,710600
2020-01-06,142.11,143.53,141.71,143.48,729424
2020-01-07,143.58,143.81,142.36,143.21,578110
2020-01-08,143.56,147.24,143.51,146.28,1165609
2020-01-09,147.08,148.26,146.55,147.98,703112
2020-01-10,148.31,148.31,146.48,146.72,591164
2020-01-13,146.81,148.85,146.81,148.59,571345
2020-01-14,148.25,148.71,147.11,147.18,662865
2020-01-15,147.24,150.17,146.73,149.77,681059
2020-01-16,150.81,151.18,149.4,151.02,560931
2020-01-17,151.42,153.62,150.46,153.03,836683
2020-01-21,152.53,154.48,151.76,154.34,910009
2020-01-22,154.68,155.43,153.72,154.75,678100
2020-01-23,154.09,155.04,152.63,154.95,473983
2020-01-24,155.32,155.4,153.2,154.01,589022
2020-01-27,151.62,153.51,150.4,153.03,476919
2020-01-28,153.56,155.25,153.03,154.65,1033424
2020-01-29,155.25,155.7,154.04,154.42,487849
2020-01-30,153.31,154.19,151.01,152.73,760028
2020-01-31,151.62,152.44,148.98,149.9,751423
2020-02-03,150.7,152.51,150.54,152.27,527391
2020-02-04,154.19,155.82,153.74,155.34,579640
2020-02-05,156.42,157.09,155.1,155.89,493016
2020-02-06,156.89,156.95,155.75,155.97,472866
2020-02-07,155.53,156.21,155.2,155.61,479893
2020-02-10,155.08,155.69,153.68,154.72,606928
2020-02-11,155.99,155.99,153.21,153.31,571010
2020-02-12,153.22,154.96,151.62,154.52,1285626
2020-02-13,155.86,164.77,153.52,162.26,1751954
2020-02-14,163.0,164.39,162.05,162.96,900208
2020-02-18,162.6,162.6,159.29,159.63,923145
2020-02-19,160.12,162.29,159.77,161.88,789804
2020-02-20,161.56,162.09,159.2,161.43,565613
2020-02-21,160.48,161.32,158.78,159.53,786579
2020-02-24,154.95,157.93,154.41,155.7,988488
2020-02-25,156.74,157.0,150.76,152.19,951297
2020-02-26,153.35,155.56,151.6,153.39,873187
2020-02-27,150.56,152.09,145.01,145.09,1002959
2020-02-28,139.94,143.53,138.5,142.04,1611480
2020-03-02,143.97,151.03,143.05,150.87,1219985
2020-03-03,150.33,154.37,148.9,151.27,1529149
2020-03-04,153.97,163.04,152.6,162.87,1500742
2020-03-05,158.93,161.03,155.68,158.25,1703331
2020-03-06,153.42,155.97,149.36,154.18,1496701
2020-03-09,144.27,148.32,141.24,141.69,1331818
2020-03-10,145.77,152.87,143.06,152.86,1249722
2020-03-11,148.44,152.03,140.99,145.48,1627192
2020-03-12,134.6,139.76,129.44,135.47,2160057
2020-03-13,140.42,142.42,130.71,140.71,1713366
2020-03-16,128.68,131.74,120.68,128.93,1559285
2020-03-17,131.81,136.34,128.97,134.0,1668984
2020-03-18,123.85,127.17,107.81,124.11,1862176
2020-03-19,122.7,122.7,107.22,115.41,1724655
2020-03-20,117.0,118.0,105.35,105.65,1240361
2020-03-23,104.6,110.98,103.01,104.62,1525652
2020-03-24,108.38,114.93,107.15,113.66,1390933
2020-03-25,113.34,119.47,108.31,115.72,1392280
2020-03-26,117.42,122.21,117.03,121.65,902569
2020-03-27,118.19,123.22,117.07,119.55,749917
2020-03-30,120.71,124.61,119.62,122.1,940930
2020-03-31,121.24,122.91,119.04,119.45,1161842
2020-04-01,115.44,117.21,112.55,113.47,1087589
2020-04-02,112.04,114.24,107.04,109.31,1164768
2020-04-03,108.25,112.09,105.66,106.62,792444
2020-04-06,111.29,114.96,110.26,113.85,1030417
2020-04-07,120.63,123.34,116.02,116.24,1279400
2020-04-08,117.41,124.17,115.68,122.68,747934
2020-04-09,123.39,128.0,123.2,124.22,873421
2020-04-13,123.23,124.07,118.58,121.42,1160058
2020-04-14,123.31,130.51,121.13,129.79,1210259
2020-04-15,126.69,127.74,124.03,124.26,849620
2020-04-16,124.94,125.61,120.55,122.0,950334
2020-04-17,124.19,128.12,124.19,127.97,1046146
2020-04-20,126.44,130.67,123.41,125.81,1469283
2020-04-21,126.0,133.56,122.19,130.04,2590701
2020-04-22,130.89,132.91,128.23,132.49,1136183
2020-04-23,132.42,133.79,131.08,131.32,785530
2020-04-24,131.36,131.71,129.39,131.42,615126
2020-04-27,132.85,138.53,132.4,138.09,884446
2020-04-28,140.6,143.21,138.7,140.68,795035
2020-04-29,142.92,144.59,140.64,143.5,783732
2020-04-30,141.73,142.14,138.62,138.9,1043172
2020-05-01,137.16,138.63,135.85,137.89,702516
2020-05-04,136.76,141.91,135.64,141.71,874200
2020-05-05,142.41,147.84,142.41,146.62,980216
2020-05-06,147.02,148.1,145.69,146.26,703249
2020-05-07,148.32,149.88,147.44,148.31,661206
2020-05-08,148.82,150.71,148.52,149.38,506270
2020-05-11,148.65,149.72,147.33,147.54,1118803
2020-05-12,147.25,148.37,145.29,145.47,996273
2020-05-13,145.0,145.29,141.15,142.9,921680
2020-05-14,141.48,145.17,140.79,145.04,879547
2020-05-15,143.49,145.46,142.32,144.42,1478557
2020-05-18,148.24,149.12,145.13,146.1,1085577
2020-05-19,146.04,147.92,145.72,146.21,723809
2020-05-20,148.0,150.98,148.0,149.51,871909
2020-05-21,148.25,149.2,146.08,146.7,608362
2020-05-22,146.08,147.88,146.08,147.03,734581
2020-05-26,149.72,153.76,149.04,151.25,1125308
2020-05-27,152.96,154.23,149.62,150.9,1808766
2020-05-28,152.66,155.97,151.36,154.0,1749756
2020-05-29,154.83,155.2,151.27,153.56,1431792
2020-06-01,153.83,156.65,153.26,155.05,949778
2020-06-02,155.82,167.39,154.08,167.12,1638142
2020-06-03,168.72,174.08,166.71,174.01,1415875
2020-06-04,172.82,177.19,172.82,176.57,1224912
2020-06-05,178.76,179.74,174.52,177.01,1095549
